"BROKEN","EPIC","FAILED","FEATURE","PASSED","SKIPPED","STORY","UNKNOWN"
"0","Users","0","Create user","10","0","","0"
"0","Notes","0","Create note","8","0","","0"
"0","Users","0","Update user account","2","0","","0"
"0","Users","0","Change/reset password","2","0","","0"
"0","Users","0","Get user account","3","0","","0"
"0","Users","0","Delete user account","1","0","","0"
"0","Notes","0","Update note","5","0","","0"
"0","Users","0","Login/logout user","6","0","","0"
"0","Notes","0","Get note/notes","2","0","","0"
"0","Notes","0","Delete note","1","0","","0"
