"Epic","Feature","Story","FAILED","BROKEN","PASSED","SKIPPED","UNKNOWN"
"Notes","Create note","","0","0","8","0","0"
"Notes","Get note/notes","","0","0","2","0","0"
"Users","Create user","","0","0","10","0","0"
"Users","Change/reset password","","0","0","2","0","0"
"Users","Login/logout user","","0","0","6","0","0"
"Users","Update user account","","0","0","2","0","0"
"Notes","Delete note","","0","0","1","0","0"
"Users","Delete user account","","0","0","1","0","0"
"Notes","Update note","","0","0","5","0","0"
"Users","Get user account","","0","0","3","0","0"
